{
  "sr": 6000,
  "hop_length": 60,
  "win_length": 180,
  "n_fft": 200,
  "mag_mean": 0.1041376069188118,
  "mag_std": 0.3005010783672333
}