{
  "sr": 8000,
  "hop_length": 80,
  "win_length": 200,
  "n_fft": 256,
  "mag_mean": 0.09626078605651855,
  "mag_std": 0.2994377017021179
}